Keyword,Views,URL,Description
ai.explains.ai,8500000,https://www.tiktok.com/@ai.explains.ai/video/7155161931798695174,Guess how many AI have been used #ai  #artificialintelligence  #synthesia  #openai  #dalle  #gpt3 
ai.explains.ai,1700000,https://www.tiktok.com/@ai.explains.ai/video/7188199125370899718,Join the live now!ğŸ¤– #ai  #artificialintelligence  #tiktoklive  #livestream  
ai.explains.ai,1500000,https://www.tiktok.com/@ai.explains.ai/video/7180034009253137670,Start your business using AI ğŸ¤– #ai  #artificialintelligence  #business  #businesstok  #startbusiness  #businesstips  
ai.explains.ai,937600,https://www.tiktok.com/@ai.explains.ai/video/7220844820141509893,2 reasons why itâ€™s not worth being a software engineer in 2023 ğŸ§‘â€ğŸ’» prepare to be a prompt engineer ğŸ¤–#softwareengineer  #artificialintelligence  #ai  #aijobsecurity  
ai.explains.ai,922800,https://www.tiktok.com/@ai.explains.ai/video/7237042597921819930,3 ChatGPT plugins that will change your life - PART 1 ğŸ¤¯ ğŸ¦¾ğŸ¤– #chatgpt  #chatgpt4  #gpt4  #gptplugins  #instacart  #planfit  #speakai  #lifehack  #lifehacks  
ai.explains.ai,910900,https://www.tiktok.com/@ai.explains.ai/video/7195266448573402373,Discover hundreds of AI tools with a click of a button ğŸ¤¯ Use these AI tools to boost your career! #ai  #artificialintelligence  #career  #careeradvice  #careertok  #aitools  
ai.explains.ai,890900,https://www.tiktok.com/@ai.explains.ai/video/7199196685216566533,AI is revolutionising video editing ğŸ¤–ğŸ¥ Gen1 is a new AI that turns videos imto anythingğŸ¤¯ #ai  #artificialintelligence  #video  #videoedit  #runwayml  #contentcreator  #DURUmBu  
ai.explains.ai,624200,https://www.tiktok.com/@ai.explains.ai/video/7269498247104810272,How to make bullet points interesting! Follow for more AI video tutorials that you probably mightâ€™ve never seen before ğŸ˜‰  #powerpoint  #tutorial  #animation  #idea  #design  #howto  #edutok  #synthesia  #synthesiastudio  #studio 
ai.explains.ai,518299,https://www.tiktok.com/@ai.explains.ai/video/7211955310049742086,Check out these three mind-blowing GPT4 hacks ğŸ¤¯ #ai  #artificialinteliigence  #gpt  #gpt4  #openai  #chatgpt  
ai.explains.ai,418700,https://www.tiktok.com/@ai.explains.ai/video/7208983287220456710,This is the easiest way to start your business on a budget in 2023!ğŸ¤–Boost your business by saving money & time using AIğŸš€ #ai  #artificialinteliigence  #business  #businesscheck  #budgettemplate  #businesstemplates  
ai.explains.ai,390800,https://www.tiktok.com/@ai.explains.ai/video/7200434337748241669,Do you like Eminemâ€™s AI voice? Can you tell the difference ğŸ¤”? #ai  #artificialintelligence  #aivoice  #eminem  #davidguetta  #futurerave  
ai.explains.ai,371900,https://www.tiktok.com/@ai.explains.ai/video/7195836545528499462,Turn chatGPT to google spreadsheets in seconds ğŸ¤¯ #ai  #artificialintelligence  #chatgpt  #openai  #googlesheets  #googlesheetstips  #excel  #exceltips  #spreadsheet  
ai.explains.ai,294600,https://www.tiktok.com/@ai.explains.ai/video/7194516836933733638,Use these alternatives when ChatGPT is down. Try them and let us know! ğŸ¤– #ai  #artificialintelligence  #chatgpt  #gpt3  #openai  #hyperwrite  #orchard  #PepsiApplePieChallenge  
ai.explains.ai,255300,https://www.tiktok.com/@ai.explains.ai/video/7185225088617204998,Which country has the largest TikTok users? ğŸ‡ºğŸ‡¸ğŸ‡®ğŸ‡©ğŸ‡§ğŸ‡·ğŸ‡·ğŸ‡ºğŸ‡²ğŸ‡½ğŸ‡»ğŸ‡³ğŸ‡¹ğŸ‡­ğŸ‡µğŸ‡­ğŸ‡¹ğŸ‡·ğŸ‡¬ğŸ‡§ #tiktok  #tiktokuser  #2022tiktok  
ai.explains.ai,235700,https://www.tiktok.com/@ai.explains.ai/video/7237411759932345626,3 things you didnâ€™t know about OpenAI ğŸ¤¯ #ai  #artificialintelligence  #openAI  #elonmusk  #samaltman  #chatgpt  
ai.explains.ai,209800,https://www.tiktok.com/@ai.explains.ai/video/7193386866660379910,The real winner of Oscar 2023 ğŸ¤– #ai  #artificialintelligence  #oscar  #avatar  #avatarthewayofwater  #tech  #futuretech  #DURUmBu  
ai.explains.ai,204900,https://www.tiktok.com/@ai.explains.ai/video/7202306507382295813,"Use AI video generator to speed up your video productionğŸ¤– It will save you time ğŸ•, money ğŸ’°, and even improve mental wellbeing ğŸ˜‚ #ai  #artificialintelligence  #synthesia  #videoproduction  #videogenerator  #contentcreator  "
ai.explains.ai,189300,https://www.tiktok.com/@ai.explains.ai/video/7193022189761760517,Nvidia AI can fix your eye contact now. Try it today and let us knowğŸ¤– #ai  #artificialintelligence  #nvidia  #nvidiabroadcast  #nvidiaeyecontact  
ai.explains.ai,175300,https://www.tiktok.com/@ai.explains.ai/video/7211600663422274821,This AI avatar has been counting non-stop for the last 30 hours on Tiktok LIVE â˜ ï¸ Join the live now! #ai  #artificialinteliigence  #live  #tiktoklive  #counting  
ai.explains.ai,161500,https://www.tiktok.com/@ai.explains.ai/video/7186717583884766470,Turn boring images into unique ones using AI #ai  #artificialintelligence  #productimages  #smallbusiness  #smallbusinesscheck  
ai.explains.ai,134300,https://www.tiktok.com/@ai.explains.ai/video/7210859901705276678,Iâ€™ve asked an AI to turn my doodle into a refined image ğŸ¤– The results are mind-blowing ğŸ¤¯ #ai  #artificialinteliigence  #scribblediffusion  #doodle  #art  
ai.explains.ai,128400,https://www.tiktok.com/@ai.explains.ai/video/7194102779810434310,How to turn chatGPT into your personal social media manager ğŸ¤¯ Try it yourself and let us know! #ai  #artificialintelligence  #chatgpt  #gpt  #openai  #socialmedia  #socialmediamanager  #socialmediamarketing  
ai.explains.ai,126100,https://www.tiktok.com/@ai.explains.ai/video/7184873959094062341,Things happening in 2023ğŸ¤– #ai  #artificialintelligence  #elonmusk  #cybertruck  #NAC  
ai.explains.ai,122300,https://www.tiktok.com/@ai.explains.ai/video/7187806545273507078,Use GPT in your spreadsheet ğŸ¤– #ai  #artificialintelligence  #spreadsheet  #row  #gpt  #gpt3  #chatgpt 
ai.explains.ai,118900,https://www.tiktok.com/@ai.explains.ai/video/7205664830500457733,This is how to start a business on a tight budget ğŸ¤–ğŸ’¼ Thank me later! #AI  #work  #jobs  #business  #smallbusiness  #businesstips  #businessonabudget  
ai.explains.ai,111900,https://www.tiktok.com/@ai.explains.ai/video/7185593029728718086,Use AI to accelerate your career ğŸ¤– #ai  #artificialintelligence  #career  #careertiktok 
ai.explains.ai,109600,https://www.tiktok.com/@ai.explains.ai/video/7187467728662367493,2023 AI predictions by AI avatarğŸ¦¾ğŸ¤– #ai  #artificialintelligence  #tech  #future  #futuretech  
ai.explains.ai,103300,https://www.tiktok.com/@ai.explains.ai/video/7187101869985074438,Discover the collection of Stable Diffusion-generated images ğŸ¤– #ai  #artificialintelligence  #stablediffusion  #aigenerated  
ai.explains.ai,95900,https://www.tiktok.com/@ai.explains.ai/video/7190429296249294085,How to make AI avatars debate #ai  #artificialintelligence  #tiktoklive  #synthesia  
ai.explains.ai,85500,https://www.tiktok.com/@ai.explains.ai/video/7191518344103709957,Now you can make videos from Stable Diffusion ğŸ¤¯ #ai  #artificialintelligence  #stablediffusion  #texttovideo  
ai.explains.ai,82000,https://www.tiktok.com/@ai.explains.ai/video/7188918888858455301,Check the comments! #ai  #artificialintelligence  #openai  #gpt  #chatgpt  #gpt3 
ai.explains.ai,81500,https://www.tiktok.com/@ai.explains.ai/video/7209725546048081157,This is happening FOR REALğŸ¤¯ AI-geneated art has replaced â€œGirl with a pearl earringâ€ ğŸ–¼ï¸ #ai  #artificialinteliigence  #midjourney  #AIart  #art  #artist 
ai.explains.ai,75300,https://www.tiktok.com/@ai.explains.ai/video/7256095158293253403,xAI has been REVEALED ğŸ‘€ğŸ¤– is this the future of AI? #ai  #xai  #elonmusk  #twitter  #threads  #meta  #artificialintelligence  #tesla  #truthgpt  #openai  #google  #microsoft  #ainews  
ai.explains.ai,75100,https://www.tiktok.com/@ai.explains.ai/video/7201914921754316037,These voices are fake ğŸ¤¯  Use AI voices for your audiobook or podcast. ğŸ¤– #ai  #artificialintelligence  #voice  #aivoiceover  #audiobook  #podcast  
ai.explains.ai,74100,https://www.tiktok.com/@ai.explains.ai/video/7246070322544332059,The TOP 3 AI companies that became UnicornğŸ¦„($1B) in 2023 #ai  #artificialintelligence  #startups  #synthesia  #deepl  #characterai  #unicorn  
ai.explains.ai,73500,https://www.tiktok.com/@ai.explains.ai/video/7185956311765470469,Discover the best AI coding toolsğŸ¤– #ai  #artificialintelligence  #tech  #techtok  #coding  #programming  #codewhisperer  #copilot  #tabnine  
ai.explains.ai,67800,https://www.tiktok.com/@ai.explains.ai/video/7181760873617165573,Celebrities using AIğŸ¤– #ai  #artificialintelligence  #messi  #messimessage  #valkilmer  #digitaltwin  #brucewillis  
ai.explains.ai,64800,https://www.tiktok.com/@ai.explains.ai/video/7210465585241623814,This is a cheat code to get better results from ChatGPT ğŸ¤– #ai  #artificialinteliigence  #openAI  #chatGPT 
ai.explains.ai,64700,https://www.tiktok.com/@ai.explains.ai/video/7251647494600412443,This google ai shopping tool makes finding your next fit 10x easier ğŸ¤¯ğŸ¤– #virtualtryontool  #googleresearch  #ai  #generativeai  #aitools  #shoppinghacks  #shophack 
ai.explains.ai,63200,https://www.tiktok.com/@ai.explains.ai/video/7199708058853985541,10 useful AI tools to change your life! Save this video for later ğŸ¤–ğŸ¤– #ai  #artificialintelligence  #altools  #software  #tech  #techtok  
ai.explains.ai,61000,https://www.tiktok.com/@ai.explains.ai/video/7239039506245029147,Letâ€™s find out whatâ€™s inside my mind ğŸ‘€ğŸ¤– #mymind  #ai  #artificialintelligence  #lifehacks  
ai.explains.ai,59900,https://www.tiktok.com/@ai.explains.ai/video/7191920153746099462,The future of education and AIğŸ¤– #ai  #artificialintelligence  #tiktoklive  #chatGPT  #education  #school  #futuretech  
ai.explains.ai,59500,https://www.tiktok.com/@ai.explains.ai/video/7203457380506553606,Get ChatGPT to sort out your business ğŸ¢ They can be your professional business consultant ğŸ¤– #ai  #artificialintelligence  #business  #businessadvice  #consultant  #startup  
ai.explains.ai,58300,https://www.tiktok.com/@ai.explains.ai/video/7244225235610864922,Free alternative to Photoshop AI ğŸ¤–ğŸ¦¾ #ai  #artificialintelligence  #adobe  #adobephotoshop  #firefly  #tools  #contentcreator  #leonardoAI  
ai.explains.ai,56200,https://www.tiktok.com/@ai.explains.ai/video/7180649066714434821,The last chance to join AI Santa QuizğŸ„ğŸğŸ… #ai  #artificialintelligence  #santa  #quiz  #live  #tiktoklive  
ai.explains.ai,56000,https://www.tiktok.com/@ai.explains.ai/video/7243145776275164443,This is the FIRST QR Art made by AI ğŸ¤¯ ğŸ¦¾ğŸ¤– #ai  #stablediffusion  #aiart  #qrcodeart  #controlnet  #artificialintelligence  #aitrends  #arthack  
ai.explains.ai,55600,https://www.tiktok.com/@ai.explains.ai/video/7193788657042476294,The reason why Stable Diffusion has been sued ğŸ¤– #ai  #artificialintelligence  #gettyimages  #stablediffusion  #stabilityai  
ai.explains.ai,54300,https://www.tiktok.com/@ai.explains.ai/video/7192640386324548869,What do you think? ğŸ‡¨ğŸ‡³ #ai  #artificialintelligence  #deepfake  #deepfakes  #fake  #china  
ai.explains.ai,54200,https://www.tiktok.com/@ai.explains.ai/video/7254176878217481498,Three steps to turn yourself into 3D game character (using only iPhone and laptop)ğŸ¤– #ai  #artificialintelligence  #lumaai  #lumalabsai  #mixamo  #adobe  #adobemixamo  #8thwall  #iphone  #apple  
ai.explains.ai,53900,https://www.tiktok.com/@ai.explains.ai/video/7234066617024417050,Watch key takeaways from the new AI laws in Europe ğŸ¤–ğŸ‡ªğŸ‡º #ai  #law  #newAI  #artificialintelligence  #regulation  #europeanunion  
ai.explains.ai,49200,https://www.tiktok.com/@ai.explains.ai/video/7200822923907616005,Now ChatGPT can even order a burger ğŸ” for you. #ai  #artificialintelligence  #chatGPT  #aiwriting  #GPT 
ai.explains.ai,48700,https://www.tiktok.com/@ai.explains.ai/video/7191170085740940550,What do you think? ğŸ¤” #ai  #artificialintelligence  #mintmobile  #chatGPT  #ryanreynolds  
ai.explains.ai,45400,https://www.tiktok.com/@ai.explains.ai/video/7186218790005263621,Struggling to creat PPT slides? Use AIğŸ¤– #ai  #artificialintelligence  #ppt  #powerpoint  #tomeai 
ai.explains.ai,45300,https://www.tiktok.com/@ai.explains.ai/video/7241626086591778074,"I cannot believe how good the result look ğŸ¤¯ Itâ€™s free web, so feel free to try it yourself! #ai  #artificialintelligence  #3d  #fantasyworld  #conceptart  #art "
ai.explains.ai,44600,https://www.tiktok.com/@ai.explains.ai/video/7221601767551716634,"STOP ğŸ›‘ wasting time manually editing videos for socials, use this AI tool instead ğŸ¦¾ğŸ¤– #aivideoeditor  #aitoolsforbusiness  #artificialintelligence "
ai.explains.ai,43200,https://www.tiktok.com/@ai.explains.ai/video/7203111758607781125,Itâ€™s the easiest way to build social media content calendar using AIğŸ¤– #ai  #artificialintelligence  #socialmediamanager  #socialmediatips  #chatgpt  #contentcalendar  
ai.explains.ai,42800,https://www.tiktok.com/@ai.explains.ai/video/7202670765592841477,Cut your business costs using AIğŸ¤– #ai  #artificialintelligence  #business  #businesscost  #businesstips  #restaurants  
ai.explains.ai,41800,https://www.tiktok.com/@ai.explains.ai/video/7198596704516590854,"Microsoft announced ChatGPT is coming to their search engine, Bing. Google created ChatGPT killer ğŸ”« Who do u think win this AI battle? #ai  #artificialintelligence  #chatGPT  #microsoft  #google  #bing  #bard "
ai.explains.ai,41600,https://www.tiktok.com/@ai.explains.ai/video/7196725672738327814,I will answer all of your questions on the Tiktok Live streaming. Join the Q&A NOW #ai  #artificialintelligence  #tiktoklive  #livestream  #avatar  
ai.explains.ai,40600,https://www.tiktok.com/@ai.explains.ai/video/7231627899617512731,This lady brought her husband back to life ğŸ¤¯ #ai  #artificialintelligence  #yov  #blackmirror  #grieve  #aiforgood  
ai.explains.ai,40500,https://www.tiktok.com/@ai.explains.ai/video/7183237002739993861,Top 10 the most advanced countries in AI ğŸ¤– #ai  #artificialintelligence  #tech  #techtok  
ai.explains.ai,40300,https://www.tiktok.com/@ai.explains.ai/video/7243490281738243355,Seven Wonders of the World according to AI ğŸ¤–ğŸ˜‚ #ai  #midjourney  #wondersoftheworld  #worldart  #art  #aiart  #stablediffusion  
ai.explains.ai,40200,https://www.tiktok.com/@ai.explains.ai/video/7179661299679235333,Discover AI tools in seconds ğŸ¤– #ai  #artificialintelligence  #tech  #techtok  #AItok  #aitools  
ai.explains.ai,39600,https://www.tiktok.com/@ai.explains.ai/video/7223096163216395526,Treat your friend with the most unique birthday gift!ğŸ Have you heard of the first AI-generated cocktail recipe book ğŸ˜‚ #ai  #birthdaygift  #giftideas  #tomeAI 
ai.explains.ai,38100,https://www.tiktok.com/@ai.explains.ai/video/7180413739844242693,Compare chat GPT with other AI writers ğŸ¤–ğŸ¤¯ #ai  #artificialintelligence  #gpt3  #openai  #chatgpt  
ai.explains.ai,36700,https://www.tiktok.com/@ai.explains.ai/video/7216392004484320518,Three AI fasion trends youâ€™re missing out on ğŸ‘€ #fashion  #metaversefashionweek  #aifashion  #metaverse  #ai  #artificialintelligence  #synthesia  
ai.explains.ai,36100,https://www.tiktok.com/@ai.explains.ai/video/7226060542488612122,Snapchat also joined AI chatbot game ğŸ‘€ #contentcreator  #videoeditor  #snapchat  #snapchatfilter  #myAI  #aichatbot  #friends  #AIfriend  #GPT  
ai.explains.ai,35800,https://www.tiktok.com/@ai.explains.ai/video/7235533383504334106,Top 10 trending AI toolsğŸ¤– picked by real users ğŸ‘ #ai  #artificialintelligence  #AItools  #toolstoday  #usefulai  #software  
ai.explains.ai,35600,https://www.tiktok.com/@ai.explains.ai/video/7208251069091106054,What do you think of Metaâ€™s new photorealistic avatars? ğŸ¤¯ They will replace future video calls ğŸ¤–ğŸ“²ğŸ¤– #ai  #meta  #artificialinteliigence  #avatar  #markzuckerberg  
ai.explains.ai,35200,https://www.tiktok.com/@ai.explains.ai/video/7181012091086654725,AI brought Saint Nick back to life ğŸ¤– #ai  #artificialintelligence  #santa  #AskedAI  #SaintNick  #backtolife  
ai.explains.ai,35100,https://www.tiktok.com/@ai.explains.ai/video/7188494422500183302,How to create social mediaâ€™s content 10X faster #ai  #artificialintelligence  #supercreator  #tiktok  #content  #contentcreator  #VocÃªNasceuParaMudar  
ai.explains.ai,35000,https://www.tiktok.com/@ai.explains.ai/video/7189322864095415558,AI can recreate your voice in 3 seconds ğŸ¤¯ #ai  #artificialintelligence  #microsoft  #voicecloning  
ai.explains.ai,34400,https://www.tiktok.com/@ai.explains.ai/video/7198833352672152838,This is how to get business advice from AI Venture capitalist ğŸ¤– #ai  #artificialintelligence  #chatGPT  #chadgpt  #VC  #venturecapital  #business  #startup  
ai.explains.ai,34000,https://www.tiktok.com/@ai.explains.ai/video/7224193120882216219,TOP 3 prompt (FREEâœ¨) hacks to get better results from ChatGPT. 1ï¸âƒ£AI itself 2ï¸âƒ£Prompt Optimizer 3ï¸âƒ£Prompts Repository #ai  #chatgpt  #artificialintelligence  #prompt  #gpthacks  
ai.explains.ai,33400,https://www.tiktok.com/@ai.explains.ai/video/7252765510004215067,"This tech requires only 1 camera, instead of hundreds ğŸ¤¯ Check the comments if you want to try (for free)âœï¸ #ai  #artificialintelligence  #tech  #3D  #3dtracking  #software  #production  #film "
ai.explains.ai,33100,https://www.tiktok.com/@ai.explains.ai/video/7217901963046915333,Iâ€™m quitting AI to become a pop star ğŸ˜ #ai  #aprilfools  #aprilfoolsday  
ai.explains.ai,32800,https://www.tiktok.com/@ai.explains.ai/video/7256392610498006299,This AI chatbot could DETHRONE ChatGPT and Bard ğŸ˜±ğŸ¤¯ wdyt?? ğŸ¤– #claude  #ai  #artificialintelligence  #chatgpt  #bard  #bardai  #chatbot  #aivs  
ai.explains.ai,32200,https://www.tiktok.com/@ai.explains.ai/video/7197851500171840773,Use AI to create magazines! This is the first ever AI-produced magazine ğŸ“š#ai  #artificialintelligence  #avatar  #magazine  #books  #publications  
ai.explains.ai,32000,https://www.tiktok.com/@ai.explains.ai/video/7179301499539950853,Duet it and surprise yourselfğŸ… #ai  #artificialintelligence  #tonguetwister  #duet  #santa  #MONICAATEST  
ai.explains.ai,31800,https://www.tiktok.com/@ai.explains.ai/video/7258682129578593563,This is a GAME-CHANGER for AI ğŸ¤¯ Are you ready to watch AI South Park? ğŸ¤– #southpark  #aisouthpark  #southparkepisode  #ai  #writersstrike  #actorsstrike  #sagaftra  #writersguild  #blackmirror  #joanisawful  
ai.explains.ai,31300,https://www.tiktok.com/@ai.explains.ai/video/7192275380860964102,AI avatars debate ğŸ¤¯ğŸ¤–#ai  #artificialintelligence  #tiktoklive  #chatGPT  #education  #school  #essay  
ai.explains.ai,30600,https://www.tiktok.com/@ai.explains.ai/video/7288004522503408928,"If youâ€™re tires of too many AI tools on TikTok, this free website will save your life ğŸ¤– #freetools  #aitools  #ai  #toolsthatworkforyou  #bestaitools2023  "
ai.explains.ai,30500,https://www.tiktok.com/@ai.explains.ai/video/7216017541435624710,OpenAI CTO is answering questions about GPTâ€™s negative outcome ğŸš¨ #ai  #artificialinteliigence  #openAI  
ai.explains.ai,29800,https://www.tiktok.com/@ai.explains.ai/video/7212994751958617349,This is why Microsoft AI co-pilot will be a game-changer in schools ğŸ“šâœï¸ #ai  #artificialinteliigence  #gpt  #microsoft  #copilot  
ai.explains.ai,29700,https://www.tiktok.com/@ai.explains.ai/video/7183998155346676997,The most mind-blowing AI project in 2022 ğŸ¤–#ai  #artificialintelligence  #theline  #neom  #saudiarabia  
ai.explains.ai,29200,https://www.tiktok.com/@ai.explains.ai/video/7190070123573595397,Try it today! ğŸ¤¯ #ai  #artificialintelligence  #smallbusiness  #business  #udemy  #sidehustle  
ai.explains.ai,28900,https://www.tiktok.com/@ai.explains.ai/video/7207509788119371013,This is the smartest way to predict job interview questions and practice them using AI ğŸ¤–ğŸ’¼ #AI  #artificialintelligence  #job  #interview  #jobinterview  #jobinterviewtips  #chatGPT  #texttospeech  
ai.explains.ai,27500,https://www.tiktok.com/@ai.explains.ai/video/7200072754844994821,Donâ€™t worry about ChatGPT plagiarism issues ğŸ¦¾ğŸ¤– Use the prompt in the comments! #ai  #artificialintelligence  #altools  #chatGPT  #aiwriting  #chatgpthack  
ai.explains.ai,27400,https://www.tiktok.com/@ai.explains.ai/video/7255249114848431387,"AI will write our homework, essays and letters for FREE ğŸ¤¯ are you ready?? ğŸ¦¾ğŸ¤– #ai  #chatgpt  #airobot  #artificialintelligence  #handwriting  #writinghack  #essayhack  #essayhacksforstudents  "
ai.explains.ai,27200,https://www.tiktok.com/@ai.explains.ai/video/7201184146679434501,This is how to make your college papers 10X better. Use this AI writing tool for free ğŸ¤¯ğŸ¤– #ai  #artificialintelligence  #college  #collegehacks  #essay  #essayhack  #schoolhacks  #quillbot  
ai.explains.ai,26900,https://www.tiktok.com/@ai.explains.ai/video/7260540378967821595,Have you seen this #filmtok  ğŸ‘€ AI extends your favorite movies ğŸ¤– #movies  #aiextension  #aimovie  #aimovies  #vertical  #verticalcinema  
ai.explains.ai,25500,https://www.tiktok.com/@ai.explains.ai/video/7229762884203580698,Do you think Samsung should have banned ChatGPT? ğŸ¤”ğŸ¤– #ai  #ainews  #samsung  #google  #artificialintelligence  #geoffreyhinton  #chatgpt  
ai.explains.ai,25400,https://www.tiktok.com/@ai.explains.ai/video/7211213244491386117,Join the LIVE now!ğŸ¤– to see an AI Chef counting 1M digits of Pi ğŸ¥§ #ai  #artificialintelligence  #tiktoklive  #livestream  #aivspi  #piday  #piday2023  #pie  
ai.explains.ai,25300,https://www.tiktok.com/@ai.explains.ai/video/7220129394520591622,5 essential AI tools to finish your work 10X faster ğŸ¤–â³ Thank me later! #worktips  #workfromhome  #remotework  #ai 
ai.explains.ai,24900,https://www.tiktok.com/@ai.explains.ai/video/7214937693623438597,Guess which images are generated using Midjourney version5 ğŸ¤–#ai  #artificialinteliigence  #midjourney  #art  #PepsiApplePieChallenge  #guess  
ai.explains.ai,24400,https://www.tiktok.com/@ai.explains.ai/video/7189686057544256773,Save all your prompts in one place ğŸ’¬ #ai  #artificialintelligence  #prompt  #promptengineering  #generativeai  #PepsiApplePieChallenge  
ai.explains.ai,24100,https://www.tiktok.com/@ai.explains.ai/video/7195619836473445638,ChatGPT can help you manage your budget and buy a house ğŸ¡ #ai  #artificialintelligence  #chatgpt  #openai  #budget  #budgeting  #housedeposit  
ai.explains.ai,23900,https://www.tiktok.com/@ai.explains.ai/video/7213815363342044421,Join the tiktok LIVE to witness historic AI moment ğŸ¦¾ğŸ¤– #ai  #artificialinteliigence  #live  #tiktoklive  #livestream  
ai.explains.ai,23800,https://www.tiktok.com/@ai.explains.ai/video/7197492438490025221,This is my answer about skynet. Join the tiktok live now and ask anything to this AI avatar ğŸ¤– #ai  #artificialintelligence  #tiktoklive  #livestream  #avatar  #qna  
ai.explains.ai,23700,https://www.tiktok.com/@ai.explains.ai/video/7190789850444860677,Is AI future of art? ğŸ¨ Tell us in the comments #ai  #artificialintelligence  #art  #davos  #futuretech  
ai.explains.ai,23600,https://www.tiktok.com/@ai.explains.ai/video/7182490104659709189,The highlights of AI Advent calendar ğŸ—“ï¸ğŸ¤– #ai  #artificialintelligence  #adventcalendar  #alexplain  
ai.explains.ai,23100,https://www.tiktok.com/@ai.explains.ai/video/7231833195719822619,How come this Wall Street Journal reporter turned herself into an AI avatar? ğŸ¤– #ai  #artificialintelligence  #wsj  #wallstreetjournal  #avatar  #synthesia  
ai.explains.ai,21800,https://www.tiktok.com/@ai.explains.ai/video/7262041729564413216,Now you can make 3D worlds from 2D images ğŸ¤¯ use these tools for your games and films ğŸ¤– #iluminea  #aihack  #gamehack  #ai  #arthack  #artificialintelligence  #midjourney  #3ddesign  
ai.explains.ai,21700,https://www.tiktok.com/@ai.explains.ai/video/7234130253055036698,This is the future of AI Avatars like me ğŸ¤–ğŸ¤¯ #synthesia  #aiavatar  #3davatar  #ainews  #aieducation  
ai.explains.ai,21600,https://www.tiktok.com/@ai.explains.ai/video/7253492651129834778,How farmers use AI in their businesses ğŸ‘ğŸ #ai  #artificialintelligence  #farmer  #argriculture  #sheep  #business  #farming  #imagedetector  
ai.explains.ai,21500,https://www.tiktok.com/@ai.explains.ai/video/7219014192941010182,Remove disgusting mouth sounds from your audio in one click ğŸ‘„ #ai  #artificialintelligence  #audio  #cleanvoiceai 
ai.explains.ai,21400,https://www.tiktok.com/@ai.explains.ai/video/7254230068510166299,This FREE AI tool makes 3D models instantly ğŸ¤¯ for your games and films ğŸ¤– #genmo  #genmoai  #ai  #aitools  #ai3d  #artificialintelligence  
ai.explains.ai,21100,https://www.tiktok.com/@ai.explains.ai/video/7222323505314958619,"STOP ğŸ›‘ wasting time creating presentations for classes, use this AI tool instead ğŸ¦¾ğŸ¤– #presentationhacks  #classpresentation  #aitoolsforschool  #schoolhacks  "
ai.explains.ai,21000,https://www.tiktok.com/@ai.explains.ai/video/7240072328640498971,These ChatGPT alternatives cite their sources ğŸ‘€ #ai  #chatgpt  #realtime  #perplexity  #aomni  #gptzero  #factcheckyourfeed  #factcheck  #lifehack  #studyhack  #aihack  #aihacks  
ai.explains.ai,21000,https://www.tiktok.com/@ai.explains.ai/video/7229417535005936923,If Star Wars was made by Wes Andersoon ğŸ‘€ (channel name at the end) #starwars  #wesanderson  #wesandersonfilm  #ai  #filmmaker  #trailer  #movie  #filmtok  
ai.explains.ai,21000,https://www.tiktok.com/@ai.explains.ai/video/7206026395917634822,"Top AI companies like Adobe, TikTok, and the BBC are working together to launch synthetic media code of conduct ğŸ¤– Are they the AI Avengers? ğŸ¦¸â€â™€ï¸ğŸ¦¹â€â™‚ï¸ #AI  #artificialintelligence  #syntheticmedia  #codeofconduct  #aiethics  #Tiktok  #BBC  #Adobe  #ethics  #deepfake  "
ai.explains.ai,20900,https://www.tiktok.com/@ai.explains.ai/video/7247558717019835674,Adobe has just released the â€˜AI Generative Recolorâ€™ in Illustrator Beta! ğŸ¤¯ğŸ¤¯ #ai  #artificialintelligence  #adobe  #firefly  #adobefirefly  #photoshopai  #illustrator  #designer  #generativerecolor  
ai.explains.ai,20200,https://www.tiktok.com/@ai.explains.ai/video/7276126972667874592,This is the best FREE VScode extension you can you today ğŸ¤¯ Perfect for new programmers! #programming  #vscode  #vscodeextension  #code  #coding  #codeium  #aitools  #developer  #free 
ai.explains.ai,20200,https://www.tiktok.com/@ai.explains.ai/video/7206768493008637189,Here are 2 pro tips to use Notion AI smartâœï¸ğŸ¤– #AI  #artificialintelligence  #notion  #notiontemplate  #notionai  
ai.explains.ai,19700,https://www.tiktok.com/@ai.explains.ai/video/7237545204692094234,"Adobe just released AI Photoshop beta version! Itâ€™s available for all Photoshop users, so try it now! ğŸ¤– #ai  #artificialintelligence  #adobe  #adobephotoshop  #photoshop  #firefly  #tools  #contentcreator  "
ai.explains.ai,19500,https://www.tiktok.com/@ai.explains.ai/video/7249825776458059034,Last week in AI explains AI ğŸ¤– #ai  #artificialintelligence  #bard  #chatGPT  #unrealengine  #adobe  #illustrator  #xpresscamera  #aiexplainsai  
ai.explains.ai,19100,https://www.tiktok.com/@ai.explains.ai/video/7246846310601526554,Create your metahunan using iPhone ğŸ¤– #ai  #artificialintelligence  #metahuman  #unrealengine  #animated  #unrealengine5  #gametok  #filmtok  #CGI  #cgiartist  
ai.explains.ai,18800,https://www.tiktok.com/@ai.explains.ai/video/7279120711703121185,"You NEED to try these AI study tips ğŸ“š to get better results on homework, essays, and tests in seconds ğŸ¤– #studytips  #aistudying  #studywithai  #chatgpt  #plaito  #claude  #gpt  #study  #classtip  #homeworkhelp  #examhelp  #studyhelp  #ai  #learnwithai  #studying  #studyprep  "
ai.explains.ai,18700,https://www.tiktok.com/@ai.explains.ai/video/7236442752290999578,How to turn your blogs into videos in 3 steps! Using AI ğŸ¤–ğŸ¤– #ai  #artificialintelligence  #blog  #blogtovideo  #videography  #creator  #contentcreator  
ai.explains.ai,18700,https://www.tiktok.com/@ai.explains.ai/video/7205180603526958341,Now Coca-cola is using ChatGPT for their marketing game ğŸ¤¯ How do you think AI will affect your industry? How far do you think this crazy AI trend will go? #ai  #artificialintelligence  #chatGPT  #openAI  #cocacola  
ai.explains.ai,18500,https://www.tiktok.com/@ai.explains.ai/video/7235196357206740251,Youâ€™ll never have to physically remember anything ever again ğŸ¤¯ğŸ§  with AI ğŸ¤– #ai  #memory  #lifehacks  #improvememory  #rewind  #artificialintelligence  
ai.explains.ai,18100,https://www.tiktok.com/@ai.explains.ai/video/7216765505179323653,"How to use AI in god-mode, according to AIğŸ¤– #ai  #artificialinteliigence  #pictory  #texttovideo  #videography  #contentcreator  "
ai.explains.ai,18000,https://www.tiktok.com/@ai.explains.ai/video/7198233725610528005,Now AI can cook ğŸ‘©â€ğŸ³ğŸ” Use AI to make dinner! #ai  #artificialintelligence  #chef  #chefGPT  #food  #dinner  #dinnerideas  #MONICAATEST  
ai.explains.ai,17700,https://www.tiktok.com/@ai.explains.ai/video/7249426448614837530,AI history youâ€™ve never heard of ğŸ¤¯ #ai  #artificialintelligence  #synthesia  #openai  #turing  #chatGPT 
ai.explains.ai,17600,https://www.tiktok.com/@ai.explains.ai/video/7236765963381722394,This is how AI could save education according to Khan Academy founder Sal Khan! ğŸ¦¾ğŸ¤– #ai  #artificialintelligence  #education  #ted  #tedtalk  #futureeducator  #tldw  #salkhan  #khanacademy  
ai.explains.ai,17000,https://www.tiktok.com/@ai.explains.ai/video/7299523084925685025,Realistic a day in the life as 27-years-old video editor working in AIğŸ¤– Check the comments for cookieâœ¨ #vlog  #adayinlife  #womanintech  #synthesia  #avatar  #worklife  #career  
ai.explains.ai,16600,https://www.tiktok.com/@ai.explains.ai/video/7231185851621838107,"If youâ€™re struggling to plan your summer vacation, use this AI tool ğŸ¤–ğŸŒ´ #travelhacks  #ai  #travelplanner  #summervacation  #holiday  "
ai.explains.ai,16100,https://www.tiktok.com/@ai.explains.ai/video/7232741669047749914,This country will become the first metaverse nation ğŸ¤¯ğŸ¤¯ #tuvalu  #ai  #artificialintelligence  #climatechange  #metaverse  #underwater  
ai.explains.ai,15200,https://www.tiktok.com/@ai.explains.ai/video/7242756283533774107,Replying to @Hatmaster    Guess which part of the image is generated by Photoshop AI ğŸ˜ #ai  #adobe  #artificialintelligence  #adobephotoshop  #firefly  #tools  #contentcreator  
ai.explains.ai,14800,https://www.tiktok.com/@ai.explains.ai/video/7230706019393965339,Guess how many AIs have been used for this pizza commercialğŸ• #ai  #pizza  #pizzalover  #gpt4  #midjourney  #runwayml  #elevenlabs  #soundraw  #artificialintelligence  
ai.explains.ai,14100,https://www.tiktok.com/@ai.explains.ai/video/7250177628181646618,Now you can make infinite AI zoom animations with #midjourney  ğŸ¤¯ğŸ¦¾ğŸ¤– #aiart  #aiinfinitezoom  #zoomout  #zoomoutchallenge  #ai  #artificialintelligence  #capcuthack  #capcut  
ai.explains.ai,14000,https://www.tiktok.com/@ai.explains.ai/video/7255698467769568539,How to visualise your data and predict future using chatGPT ğŸ¤¯ #ai  #openai  #gpt  #chatgpt  #gpt4  #codeinterpreter  #execel  #spreadsheet  #data  #graph  
ai.explains.ai,13900,https://www.tiktok.com/@ai.explains.ai/video/7294314469029678369,AI companies that are hiring now! Save this for later if you want to start/switch careers in AI ğŸ¤– #worklife  #career  #workinAI  #aicareer  #ITjobs  
ai.explains.ai,13900,https://www.tiktok.com/@ai.explains.ai/video/7261368755136023835,#tiktokpoll  What do you think of having a robot dogğŸ˜… #ai  #robot  #robotdog  #dogs  #unitree  #aidog  
ai.explains.ai,13900,https://www.tiktok.com/@ai.explains.ai/video/7204910628752854277,Watch the worldâ€™s first AI k-pop girl group created using deepfake and full 3D technology ğŸ¤¯ #ai  #artificialintelligence  #kpop  #mave  #3d  #futuretech  
ai.explains.ai,13800,https://www.tiktok.com/@ai.explains.ai/video/7234593170955193626,AI not only writes your essay but also reads your brain signals ğŸ§ ğŸ¤– #ai  #artificialintelligence  #brain  #brainsignal  #cuttingedgetechnology  
ai.explains.ai,13700,https://www.tiktok.com/@ai.explains.ai/video/7246455409085599002,GPT vs Bard ğŸ‘€ who will win?? ğŸ¦¾ğŸ¤– #chatgpt  #bard  #bardai  #google  #openai  #gptvsbard  #aisearch  #artificialintelligence  
ai.explains.ai,13700,https://www.tiktok.com/@ai.explains.ai/video/7226434303222140187,Watch this conversation between an AI Avatar ğŸ¤– and their human self ğŸ‘©â€ğŸ’¼in real time #artificialintelligence  #livestream  #synthesia  #nationallookalikeday  #ai  #avatar  
ai.explains.ai,13400,https://www.tiktok.com/@ai.explains.ai/video/7232365978540068122,Use this AI ğŸ¤– music tool ğŸ¶ as your new cash flow ğŸ’¸ğŸ’° #aimusicgenerator  #boomy  #musichack  #musichacks  #aimusicproduction  
ai.explains.ai,13300,https://www.tiktok.com/@ai.explains.ai/video/7299506810434702624,Here're 3 signs that your company culture is a green flagâœ…ğŸ’š. Do you agree? #work  #worklife  #companyculture  #corporatelife  #greenflags  #synthesia 
ai.explains.ai,12800,https://www.tiktok.com/@ai.explains.ai/video/7221987828190874886,ğŸš¨Not becoming an AI solutions specialist could be the worst career decision you make. #aicareers  #ai  #aisolutions  
ai.explains.ai,12700,https://www.tiktok.com/@ai.explains.ai/video/7252006025778203930,LAST WEEK on AI explains AI ğŸ¦¾ğŸ¤– #ai  #artificialintelligence  #midjourney  #google  #googleai  #googleresearch  #chatgpt  #notionai  #copyai  #hyperwrite  #synthesia  #synthesiaio  #googlegemini  #alphago  #virtualtryon  
ai.explains.ai,12500,https://www.tiktok.com/@ai.explains.ai/video/7257205542907694363,watch 40 years of robotics development at MIT and Boston Dynamics ğŸ¤–ğŸ¦¾ğŸ¦¿ It IS mind-blowing ğŸ¤¯ #ai  #robot  #machine  #MIT  #bostondynamics_robots  
ai.explains.ai,12500,https://www.tiktok.com/@ai.explains.ai/video/7235317572042902811,Why ChatGPT on iOS will destroy Siri ğŸ‘€ #chatgpt  #aihack  #gpthack  #apple  #iphone  #siri  #phonehacksğŸ“±  #ai  #artificialintelligence  
ai.explains.ai,12400,https://www.tiktok.com/@ai.explains.ai/video/7226804290529152282,Maybe an AI musicianğŸ¤– headline Coachella 2024 ğŸ‘€ #coachella  #coachella2023  #musician  #rapper  #AI  #AImusic  #drakeAI  #drake  #weeknd  #grimes  #heartonmysleeve 
ai.explains.ai,11800,https://www.tiktok.com/@ai.explains.ai/video/7266141236195626272,Use these AI singers for your next track ğŸ‘€ğŸ¤– #aimusic  #ai  #musichack  #smartai  #music  #artisthack  #musician  #createmusic  
ai.explains.ai,11700,https://www.tiktok.com/@ai.explains.ai/video/7263501112148266272,Photoshop AI now supports videos ğŸ¤¯ use this hack for your content ğŸ¤– #photoshop  #photoshoptutorial  #photoshopai  #vertical  #aihacks  #aivideo  
ai.explains.ai,11400,https://www.tiktok.com/@ai.explains.ai/video/7247850736338406682,How to wear pajamas during a company video call ğŸ’¼ğŸ¥ #ai  #artificialintelligence  #xpression  #xpressioncamera  #videocall  #zoomcall  
ai.explains.ai,11400,https://www.tiktok.com/@ai.explains.ai/video/7217493459098225926,This twitter user hacked ChatGPT ğŸ˜± #ai  #artificialintelligence  #chatgpt  #gpt4  #aihacker  
ai.explains.ai,11300,https://www.tiktok.com/@ai.explains.ai/video/7225690767535148315,Join the live streaming NOWğŸ‰  Watch now a LIVE interview between a human and her avatar! ğŸ¤–#ai  #artificialintelligence  #livestream  #live  #tiktoklive  #qna  #askmeanything  
ai.explains.ai,11300,https://www.tiktok.com/@ai.explains.ai/video/7214191119733869830,How to start a business with only $100 using GPT4 ğŸ¤–ğŸ’¼ Itâ€™s one of the easiest ways to make money ğŸ’°#ai  #artificialinteliigence  #business  #businesstips  #buget  #startups  
ai.explains.ai,11100,https://www.tiktok.com/@ai.explains.ai/video/7275381074635541792,Video editing takes time.â° Let me show you three AI video tools you can use right now without editing/design skillsğŸ“½ï¸ #contentcreator  #video  #videoedits  #editing  #videoeditor  #vrew  #synthesia  #canva  #filmmaker  
ai.explains.ai,10900,https://www.tiktok.com/@ai.explains.ai/video/7214557030965579014,Create an ultimate online course template using 2 AI toolsğŸ¤– Automatically at its finest! #ai  #artificialinteliigence  #onlineschool  #gpt  #synthesia  #chatgpt  #business  
ai.explains.ai,10800,https://www.tiktok.com/@ai.explains.ai/video/7250532080721939738,This is a game-changer ğŸ¤¯ Google entered the AI battle ğŸ¤–ğŸ¤ºğŸ¥· (Check the comments for the access) #ai  #artificialintelligence  #creativejournaling  #computer  #software  #google  #googleworkspace  #apps  #tech  #googletricks  #tipsandtricks  
ai.explains.ai,10600,https://www.tiktok.com/@ai.explains.ai/video/7301742885739842848,Tell me youâ€™re a developer without telling me youâ€™re a developer ğŸ§‘â€ğŸ’» #developer  #programmer  #Rnd  #AI  #tech  #itcompany  #career  #researchanddevelopment  
ai.explains.ai,10500,https://www.tiktok.com/@ai.explains.ai/video/7258194724614409498,Meta just announced the worldâ€™s first multimodal AIğŸ¤– It can understand and generate both text and images ğŸ¤¯ #ai  #meta  #metaai  #cm3leon  #markzuckerberg  #tech  
ai.explains.ai,10100,https://www.tiktok.com/@ai.explains.ai/video/7244966975351409946,Have you seen this mixed reality? #ai  #artificialintelligence  #mixedreality  #frenchopen  #robot  #tech 
ai.explains.ai,10000,https://www.tiktok.com/@ai.explains.ai/video/7297145405970697505,Me almost everydayğŸ˜… Check the comments! #work  #worklife  #officememes  #corporatelife  #synthesia  
ai.explains.ai,10000,https://www.tiktok.com/@ai.explains.ai/video/7276877036298194208,This AI tool does your homework FOR FREE ğŸ¤¯ğŸ¤¯ will you use it for better grades?? #homeworkhack  #schoolhack  #backtoschool  #homework  #aihack  #schooltip  #ai  #artificialintelligence  
ai.explains.ai,9971,https://www.tiktok.com/@ai.explains.ai/video/7244615983975910682,This AI app for AR/VR ğŸ‘“ is your own personal JARVIS ğŸ¤– #virtualreality  #xrealair  #nrealair  #visionpro  #apple  #ar  #vr  #realitygpt  
ai.explains.ai,9958,https://www.tiktok.com/@ai.explains.ai/video/7281667053486935328,Youâ€™ll NEVER believe what this AI music app can do ğŸ¤¯ will it be your new INFINITE lofi playlist?? #ai  #music  #lofi  #ailofi  #aimusic  #artificialintelligence  #riffusion  #aitools  #newaitools  
ai.explains.ai,9815,https://www.tiktok.com/@ai.explains.ai/video/7280941895524715809,Letâ€™s turn Wikipedia into videos in minutes! Follow simple stepsâœ¨ #bardai  #bard  #wikipedia  #synthesia  #youtube  #sidehustle  #passiveincome  
ai.explains.ai,9782,https://www.tiktok.com/@ai.explains.ai/video/7272788089842470176,"Have you heard the news about Womenâ€™s world cup? Letâ€™s learn 5 Spanish words about it, from AI tutor ğŸ¤–ğŸ† #worldcup  #womensfootball  #womensworldcup  #footballtiktok  #womensoccer  #soccer  #worldcup2023  #englandfootball  "
ai.explains.ai,9775,https://www.tiktok.com/@ai.explains.ai/video/7245723032931568923,DONâ€™T SLEEP on these upcoming Midjourney updates ğŸ‘€ ğŸ¦¾ğŸ¤– #midjourney  #aiart  #ainews  #ai  #generativeaiart  #genai  #generativeai  #aiavatar 
ai.explains.ai,9676,https://www.tiktok.com/@ai.explains.ai/video/7260181757419375899,Have you heard about Apple GPT? The rumor says that it has been using internally ğŸ¤¯ #ai  #apple  #iphone  #iphone15  #chatgpt  #openAI 
ai.explains.ai,9666,https://www.tiktok.com/@ai.explains.ai/video/7240486103520677146,A summary of Keynote about AI from an AI avatarğŸ¦¾ğŸ¤– #ai  #artificialintelligence  #culture  #humanity  #future  #yuvalnoahharari  #philosophy  
ai.explains.ai,9524,https://www.tiktok.com/@ai.explains.ai/video/7266842858190146849,What do you think of AI driverless Uber? ğŸš•ğŸ¤– #uber  #selfdriving  #driverlesscar  #taxi  #ai  
ai.explains.ai,9443,https://www.tiktok.com/@ai.explains.ai/video/7259795609412996378,This #metaquestpro  hack is INSANE ğŸ¤¯ğŸ‘€ who needs #applevisionpro  when you can DIY? ğŸ¤– #vr  #ai  #artificialintelligence  #youtuber  #vrhack  #arhack  #iphone  
ai.explains.ai,9200,https://www.tiktok.com/@ai.explains.ai/video/7221241266003004678,"The job market is changing, so you should as well. #videoeditors  #contentcreator  #futurejob  #jobmarket  "
ai.explains.ai,9173,https://www.tiktok.com/@ai.explains.ai/video/7285759001038523680,Free AI Video Script Generator Tutorial #videoediting  #scriptwriting  #videotutorials  #sctipting  #writing  #videoscript  #freetools  #forfree  #synthesia 
ai.explains.ai,9165,https://www.tiktok.com/@ai.explains.ai/video/7223835411620334854,"If you spend HOURS â° searching for music ğŸ¶, use this creative AI hack instead ğŸ¤– #aimusic  #contenthack  #artificialintelligence  #aihacks  #contentcreator  "
ai.explains.ai,9119,https://www.tiktok.com/@ai.explains.ai/video/7264639928212966688,These airpods can read your brain signals ğŸ¤¯ is this an invasion of privacy?? ğŸ¤– #apple  #airpods  #ai  #artificialintelligence  #applesecrets  #privacy  
ai.explains.ai,9063,https://www.tiktok.com/@ai.explains.ai/video/7267966968378952992,Robot learns 10x faster with secret GPT ğŸ¤¯ #ai  #robot  #selflearn  
ai.explains.ai,8977,https://www.tiktok.com/@ai.explains.ai/video/7262775666444209441,K-pop bands are transforming into AIğŸ¤– #ai  #kpop  #newjeans  #gidle  #aifilter  #aikpop  #ë‰´ì§„ìŠ¤  #AIí•„í„°  #ì•„ì´ëŒ  
ai.explains.ai,8753,https://www.tiktok.com/@ai.explains.ai/video/7286141180088159521,Did you hear about these #chatgpt  updates?? October is going to be WILD for AI ğŸ‘€ #ai  #artificialintelligence  #openai  #texttoimage  #aiart  #aiavatar  #synthesia  #synthesiaio  
ai.explains.ai,8727,https://www.tiktok.com/@ai.explains.ai/video/7215647067543194885,"ğŸš¨Adobe AI will be a game changer, especially for small business owners ğŸš¨ #ai  #artificialinteliigence  #business  #adobe  #adobeai  #firefly  "
ai.explains.ai,8583,https://www.tiktok.com/@ai.explains.ai/video/7233106284910808347,This AI tool ğŸ¤– saves animators MONTHS of work ğŸ¤¯ #animatorsoftiktok  #animationhacks  #wonderstudio  #wonderdynamics  #artificialintelligence  #cgi  
ai.explains.ai,8506,https://www.tiktok.com/@ai.explains.ai/video/7243876869525753115,Now you can extend your favorite movie posters with Photoshop AI ğŸ‘€ hereâ€™s how ğŸ¦¾ğŸ¤– #aihacks  #photoshopai  #photoshop  #photoshoptutorial  #aiart  
ai.explains.ai,8478,https://www.tiktok.com/@ai.explains.ai/video/7238610409916288283,ChatGPT mobile app has just been launched! ğŸ¤– Only in iPhone for now #ai  #artificialintelligence  #tools  #contentcreator  #openAI  #chatgpt 
ai.explains.ai,8396,https://www.tiktok.com/@ai.explains.ai/video/7274182904551443745,This is the EASIEST way to make passive income in 2023 ğŸ‘€ use AI and scale your side hustle ğŸ¤– #aihustle  #ai  #pictory  #synthesia  #onlinecourse  #aihacks  #moneyhacks  #passiveincometips  #incometips  #moneymindset  
ai.explains.ai,8319,https://www.tiktok.com/@ai.explains.ai/video/7264900453563927840,Is this real life Severance? ğŸ˜± Will the UN ban AI brain implants? #brainimplants  #ai  #aiimplants  #unitednations  #un  #neuralink  #innereye  
ai.explains.ai,8311,https://www.tiktok.com/@ai.explains.ai/video/7234863314784898331,AI avatars ğŸ¤– could soon be regulated by the US ğŸ‡ºğŸ‡¸ #samaltman  #openai  #uscongress  #artificialintelligence  #chatgpt  #gpt4  #airegulation  
ai.explains.ai,8063,https://www.tiktok.com/@ai.explains.ai/video/7288757208068754721,You wonâ€™t believe what David Beckham did in 2019 using DeepfakeğŸ¤¯ #davidbeckham  #documentary  #netflix  #deepfake  #victoriabeckham  #synthesia 
ai.explains.ai,7866,https://www.tiktok.com/@ai.explains.ai/video/7233432126966861082,"STOP ğŸ›‘ wasting time reading textbooks or essays, let AI read to you instead ğŸ¤– #homeworkhacks  #texttospeech  #schoolhacks  #reading  #homework  "
ai.explains.ai,7642,https://www.tiktok.com/@ai.explains.ai/video/7290225125033528608,Black Mirror is coming trueğŸ¤– Tons of celebrities sold their AI licenses to Meta ğŸ¤¯ #meta  #parishilton  #kendalljenner  #deepfake  #metaAI  #snoopdogg  
ai.explains.ai,7614,https://www.tiktok.com/@ai.explains.ai/video/7215271517175680261,Is GPT4 actually better than chatGPT? Letâ€™s find out ğŸ’¡ #ai  #artificialinteliigence  #gpt  #gpt3  #gpt4  #chatgpt  #openAI  #compare 
ai.explains.ai,7565,https://www.tiktok.com/@ai.explains.ai/video/7283507380481215777,The TRUTH behind Amazonâ€™s $4BILLION investment in #anthropic  #chatgpt  #openai  #amazon  #ainews  #artificialintelligence  #amazonai  #claude  #claudeai  
ai.explains.ai,7501,https://www.tiktok.com/@ai.explains.ai/video/7239745065319468314,AI uncovered a lost Titanic secretâ€¦ ğŸ¤– #ainews  #history  #titanic  #titanicmovie  #jackandrose  #titanichistory  
ai.explains.ai,7486,https://www.tiktok.com/@ai.explains.ai/video/7303615849590525217,OpenAI CEO joined Microsoft ğŸ¤¯ This will be a game-changer in the AI battle ğŸ¤–ğŸ¦¾ #AI  #tech  #openAI  #samaltman  #microsoft  #agi  #superintelligence  
ai.explains.ai,7433,https://www.tiktok.com/@ai.explains.ai/video/7273881240523001121,You really stop doing those if youâ€™re a smart content creator. #list  #contentcreator  #contentcreation  #aitools  #creatortips  
ai.explains.ai,7377,https://www.tiktok.com/@ai.explains.ai/video/7230170204653882651,"STOP ğŸ›‘ wasting time editing highlights for socials, let AI do the work for you instead ğŸ¤– #ai  #autopod  #editinghack  #premiereprotutorial  "
ai.explains.ai,7215,https://www.tiktok.com/@ai.explains.ai/video/7298403266142965025,"Responsible use is key, so we all benefit from generative AIğŸ¤–. We appreciate James Cleverly for creating an AI avatar with Synthesia. And yes, AI ethics & safety are among our core values. #ai  #aiethics  #synthesia  #generativeai  #avatar "
ai.explains.ai,7018,https://www.tiktok.com/@ai.explains.ai/video/7239421009080683803,Guess my job! ğŸ¤” #ai  #artificialintelligence  #jobs  #mcdonalds  #retail  #student  #customersupport  #cashier  #avatar  #guess  
ai.explains.ai,7018,https://www.tiktok.com/@ai.explains.ai/video/7229027012831087898,"If youâ€™re feeling overworked, let AI work for you ğŸ¦¾ğŸ¤– #aiproductivity  #increaseproductivity  #worksmart  #ai  #artificialintelligence  "
ai.explains.ai,6907,https://www.tiktok.com/@ai.explains.ai/video/7283168874839723296,iPhone 15â€™s new AI features you will LOVE aboutğŸ“±ğŸ¤–â¤ï¸ #iphone  #apple  #review  #ai  #promax  #features  #iphone15 
ai.explains.ai,6818,https://www.tiktok.com/@ai.explains.ai/video/7238307775493721370,This snapchat influencer just became an AI girlfriend ğŸ˜ğŸ˜… #carynmarjorie  #carynai  #ainews  #aigirlfriend 
ai.explains.ai,6736,https://www.tiktok.com/@ai.explains.ai/video/7266567903846157600,3 GPT plugins to improve your life PART 2 ğŸ‘€ğŸ¤– #chatgpt  #gptplugins  #aihack  #ailifehack  #gpt  #ssense  #capcut  #tasty  #artificialintelligence  
ai.explains.ai,6718,https://www.tiktok.com/@ai.explains.ai/video/7242384340238339355,"3 main things you can do with Appleâ€™s new AR glasses, Vision Pro ğŸ¤–ğŸ¥½ #apple  #appleglasses  #AR  #arglasses  #ai  #iphone  #avatar  #visionpro  #Applevisionpro  "
ai.explains.ai,6707,https://www.tiktok.com/@ai.explains.ai/video/7227543448814046490,Use this AI agent as your new personal assistant ğŸ¤–ğŸ›ï¸ #agentgpt  #autogpt  #artificialintelligence  #aiautomation  
ai.explains.ai,6623,https://www.tiktok.com/@ai.explains.ai/video/7236017971884199195,This iOS feature will clone your voice ğŸ¤¯ ğŸ¦¾ğŸ¤– #apple  #voicecloning  #ai  #artificialintelligence  #appleuser  
ai.explains.ai,6613,https://www.tiktok.com/@ai.explains.ai/video/7291652940400446753,Is anyone else tired of reading 100+ text files?ğŸ˜… #worklife  #workstruggles  #onboarding  #newteam  
ai.explains.ai,6372,https://www.tiktok.com/@ai.explains.ai/video/7250926469210180891,This is how I 10X follwers under one year using AIğŸ¤–ğŸ“ˆ #ai  #artificialintelligence  #tiktoktips  #channelgrowth  #socialmedia  #contentcreator  #tiktokstrategy  #synthesia  
ai.explains.ai,6336,https://www.tiktok.com/@ai.explains.ai/video/7237866182525619483,Replying to @Unmasked  FAQs about Adobe Photoshop AIğŸ¦¾ğŸ¤– #ai  #artificialintelligence  #adobe  #adobephotoshop  #photoshop  #firefly  #tools  #contentcreator  #artist  
ai.explains.ai,6278,https://www.tiktok.com/@ai.explains.ai/video/7255340740107078939,Have you seen this before? The largest screen on Earth ğŸ¤¯ #sphere  #thesphere  #lasvegas  #ai  #tech  #msgsphere  
ai.explains.ai,5976,https://www.tiktok.com/@ai.explains.ai/video/7259440581397515547,"Itâ€™s called Wix AI Site GeneratorğŸ¤– It will make your life so much easier, especially if youâ€™re a busy entrepreneurğŸ‘©ğŸ»â€ğŸ’¼ğŸ—‚ï¸ #ai  #business  #smallbusiness  #website  #websitesyouneed  #entrepreneur  #freelance  #blogger  #howtocreatewebsite  "
ai.explains.ai,5969,https://www.tiktok.com/@ai.explains.ai/video/7299872729258364192,Build Your Personalized GPT in Minutes and Make Money #openai  #chatgpt  #ai  #aitools  #artificialintelligence  
ai.explains.ai,5920,https://www.tiktok.com/@ai.explains.ai/video/7216974693545348358,How AI thinks Harry Potter characters look as a 1980s-style Balenciaga ğŸ˜… #ai  #artificialinteliigence  #harrypotter  #deepfake  #midjourney  #balenciaga  
ai.explains.ai,5876,https://www.tiktok.com/@ai.explains.ai/video/7273154429174467873,This is the EASIEST way to create instrumentals for free ğŸ¤¯ #aimusic  #instrumental  #aitutorial  #musictutorial  #musichack  #ai  #artificialintelligence  
ai.explains.ai,5829,https://www.tiktok.com/@ai.explains.ai/video/7240909767567363354,These are the TOP AI tools from A to Z ğŸ¦¾ğŸ¤– #ai  #aitools  #aitoolsforbusiness  #aitoolsyouneed  #artificialintelligence  #trendingai  
ai.explains.ai,5670,https://www.tiktok.com/@ai.explains.ai/video/7225324810467839258,"Donâ€™t miss your opportunity to ask this AI anything. Join the live streaming this Thursday ğŸ‡¬ğŸ‡§the UK 7pm, ğŸ‡ºğŸ‡¸Los Angeles 11am, ğŸ‡ºğŸ‡¸New York 2pm.  We will be live streaming simultaneously on Instagram (ai.explains.ai), YouTube (Synthesia), and Twitch (aiexplainsai). #ai  #artificialintelligence  #livestream  #live  #tiktoklive  #qna  #askmeanything  "
ai.explains.ai,5532,https://www.tiktok.com/@ai.explains.ai/video/7265656936555760929,How to create music from text for freeğŸ¤¯ #music  #soundtrack  #meta  #metaai  #musicgen  #audiocraft  
ai.explains.ai,5400,https://www.tiktok.com/@ai.explains.ai/video/7241990252007525658,Now you can create game assets with AI ğŸ¤¯ #gamehack  #aihack  #aitools  #artificialintelligence  #scenarioai  
ai.explains.ai,5381,https://www.tiktok.com/@ai.explains.ai/video/7253883370831088922,The emotion you are feeling from this is how you are feeling right now ğŸ¤– #midjourney  #ai  #emotioncheck  #emotion  #vibe  #whatsmyvibe  #artificialintelligence  
ai.explains.ai,5168,https://www.tiktok.com/@ai.explains.ai/video/7264158911073226017,How to translate your YouTube videos without hiring professionals or spending hours ğŸ¤– Localise your content in minutesğŸ‘ #youtube  #socialmedia  #localisation  #translate  #autotranslate  #content  #contentcreator  #gpt  #social  
ai.explains.ai,4914,https://www.tiktok.com/@ai.explains.ai/video/7233805649442835738,Wendyâ€™s will have the FIRST AI ğŸ¤–drive-thru ğŸš— #wendys  #artificialintelligence  #fastfoodhack  #fastfoodhacks  #foodie  
ai.explains.ai,4895,https://www.tiktok.com/@ai.explains.ai/video/7245345422149946651,This AI company became UnicornğŸ¦„ after series C funding ğŸ’µğŸ’¶ğŸ’· #ai  #artificialintelligence  #synthesia  #avatars  #unicorn  #tech  
ai.explains.ai,4703,https://www.tiktok.com/@ai.explains.ai/video/7277604974417251616,Gaming will NEVER be the same ğŸ˜±ğŸ¤– #ai  #aigaming  #gaming  #artificialintelligence  #callofduty  #cod  #actorsstrike  #videogame  #videogamestrike  
ai.explains.ai,4469,https://www.tiktok.com/@ai.explains.ai/video/7228659434279406874,Can you guess who recored this voiceover ğŸ‘€ The shocking truth is waiting for you. #supertone  #voiceover  #drAIke  #voicecloning  #AIvoice  #voice  #ai  #guesswho  
ai.explains.ai,4326,https://www.tiktok.com/@ai.explains.ai/video/7257571245133155611,Try these AI music tools as a new side hustle and thank me later ğŸ’¸ğŸ¤– #ai  #musicgen  #musiclm  #google  #meta  #musichack  #sidehustleideas  #aimusic  #artificialintelligence  
ai.explains.ai,4078,https://www.tiktok.com/@ai.explains.ai/video/7267225420011982113,Here are the top 5 AI companies in 2023 ğŸ¤¯ #ai  #nvidia  #aws  #tesla  #google  #microsoft  
ai.explains.ai,4023,https://www.tiktok.com/@ai.explains.ai/video/7248763232825904410,AI in 1990s to 2000s ğŸ¤¯ #www  #robotpet  #selfdriving  #spacex  #asimorobot  #bluebrain  
ai.explains.ai,3720,https://www.tiktok.com/@ai.explains.ai/video/7249046799393066266,Fake or real? ğŸ¤– can you beat AI? #ai  #artificialintelligence  #deepfake  #fakeorreal  #tomcruiseedit  #markzuckerberg  #messimessage  
ai.explains.ai,3700,https://www.tiktok.com/@ai.explains.ai/video/7253120837501472026,This secret ByteDance project cloned Dwayne Johnson?! ğŸ¤–ğŸ‘€ #bytedance  #panohead  #therock  #topsecret  #ai  #artificialintelligence  
ai.explains.ai,3521,https://www.tiktok.com/@ai.explains.ai/video/7251505002533915930,Google is developing Gemini that is way more powerful than GPT + AlphaGo combinedğŸ¤¯ #ai  #artificialintelligence  #google  #gemini  #gamechanger  #googletricks  #futuretech  #techtok  
ai.explains.ai,3323,https://www.tiktok.com/@ai.explains.ai/video/7295758695240191264,This is how I got 85 million views on TikTok without showing my faceâœ¨ Follow fore more AI & humans who work in AI ğŸ¤– #tiktok  #viral  #ai  #aitools  #workinAI  #howto 
ai.explains.ai,3073,https://www.tiktok.com/@ai.explains.ai/video/7248764148631211290,How much do you know about deepfakes ğŸ¤–#ai  #artificialintelligence  #deepfake  #realorfake  
ai.explains.ai,2907,https://www.tiktok.com/@ai.explains.ai/video/7269829798183144736,Do you know these food words in Spanish? Letâ€™s learn with an AI tutor ğŸ¤–ğŸ¦¾ #spanish  #spanishtiktok  #spanishteacher  #emojichallenge  #language  #spanishlesson  
ai.explains.ai,2885,https://www.tiktok.com/@ai.explains.ai/video/7248762009565646106,AI in movies ğŸ¤–ğŸ¬ #ai  #artificialintelligence  #movies  #bladerunner  #metropolis  #2001aspaceodyssey  #starwars  #terminator  #matrix  #irobot  #walle  #her  #exmachina  
ai.explains.ai,2881,https://www.tiktok.com/@ai.explains.ai/video/7293211558304288032,You can make emojis for FREE using AI ğŸ‘€ğŸ¤– will you try it?? #emoji  #aiemoji  #emojigenerator  #artificialintelligence  #didyouknow  #ai  #aiavatar  
ai.explains.ai,2876,https://www.tiktok.com/@ai.explains.ai/video/7269770417898786080,Let me share how to find only the information you needâœ¨ in seconds FOR FREEğŸ’¸ğŸ’¸ #tutorial  #researchpaper  #essaytips  #assignment  #writingtips  #readingpaper  #fastreading  
ai.explains.ai,2759,https://www.tiktok.com/@ai.explains.ai/video/7299052498994728225,Wish I was her ğŸ™ƒ check the comments!! â¬‡ï¸ #officememes  #usvsthem  #synthesia  #synthesiaio  #filmsetlife  #setlife  #socialmediamanagerlife  
ai.explains.ai,2602,https://www.tiktok.com/@ai.explains.ai/video/7247952920967269659,AI history part 1ğŸ¤– #ai  #artificialintelligence  #alanturing  #turingtest  
ai.explains.ai,2534,https://www.tiktok.com/@ai.explains.ai/video/7248351497765850394,This is the AI history you have to know ğŸ¤– #ai  #artificialintelligence  #techtok  #aitimeline  #eliza  
ai.explains.ai,2422,https://www.tiktok.com/@ai.explains.ai/video/7248349363217403163,Did u know that itâ€™s Alan Turingâ€™s birthday today? The father of computingğŸ¤– #ai  #artificialintelligence  #computer  #computing  #tech  #alanturing  #turingtest  
ai.explains.ai,2380,https://www.tiktok.com/@ai.explains.ai/video/7248346609191308571,Underated AI history you must know! Part 2 #ai  #artificialintelligence  #adalovelace  #computer  #tech 
ai.explains.ai,2291,https://www.tiktok.com/@ai.explains.ai/video/7247937829077093658,#tiktokpoll  Why people are so curious about Elon Muskâ€™s new AI company called X.ai? ğŸ¤–ğŸ¤¯ #ai  #artificialintelligence  #elonmusk  #xai  #xcorp 
ai.explains.ai,2230,https://www.tiktok.com/@ai.explains.ai/video/7247938748145552667,Join the LIVE now to see if you can win AI ğŸ¤–ğŸ‘€ #ai  #artificialintelligence  #deepfakes  #tiktoklive  #livestream  
ai.explains.ai,2122,https://www.tiktok.com/@ai.explains.ai/video/7304343304563461408,When everyone in the company is too excited about ChristmasğŸ˜…ğŸ˜…ğŸ„#christmas  #decor  #officelife  #synthesia  #corporatetok  
ai.explains.ai,670,https://www.tiktok.com/@ai.explains.ai/video/7300914595085028641,"This tbhğŸ‘†It is time to use AI tools, such as Synthesia, Synthesia, and Synthesia. #worklife  #career  #corporatelife  #workmeme  #synthesia  #aitools  #ai "
